Workbook

Sheet README
A1: AML Transaction Monitoring — No-Code (Excel) Version
A3: This workbook implements the same AML detection logic as the SQL version of this project, using only spreadsheet formulas — no code, no query language. It mirrors the same scenario design (same 12 customers, same four planted suspicious patterns) so the two projects are directly comparable, even though the exact row counts differ slightly since the underlying random data generation isn't shared between the two.
A5: Purpose: many compliance teams still do first-pass transaction review in Excel, especially smaller institutions or ad hoc investigations. This demonstrates the same analytical thinking (typology logic, thresholds, false-positive tuning) expressed through the tool most AML analyst job postings actually list day-to-day.
A7: How to use this workbook:
A8: 1. Open 'Transactions' — the raw data plus helper flag columns (K onward).
A9: 2. Open 'Alert Summary' — per-account risk scoring, built entirely from formulas referencing the Transactions sheet.
A10: 3. Click any cell in either sheet to see the live formula in the formula bar.
A12: Typologies detected (same four as the SQL version):
A13: - Structuring: deposits just under the $10,000 CTR threshold, repeated.
A14: - Rapid in-out / pass-through: a large inbound wire followed quickly by an outbound wire of nearly the same amount.
A15: - High velocity: an unusual number of transactions for one account in a single day.
A16: - Round-dollar wires to higher-risk jurisdictions: repeated, suspiciously round wire amounts sent to a country on a higher-risk list.
... A27: Suspicious rows are highlighted in red directly on the Transactions sheet via conditional formatting, so you can see exactly which rows drove each account's score.

Sheet Customers
A1: customer_id | B1: account_id | C1: customer_name | D1: country | E1: is_pep | F1: onboarding_date
A2: 101 | B2: 1010 | C2: Alex Rowe | D2: US | E2: 0 | F2: 2023-01-15
A3: 102 | B3: 1020 | C3: Priya Nair | D3: US | E3: 0 | F3: 2022-11-02
A4: 103 | B4: 1030 | C4: Daniel Kim | D4: US | E4: 0 | F4: 2024-03-10
A5: 104 | B5: 1040 | C5: Omar Haddad | D5: US | E5: 0 | F5: 2021-07-22
A6: 105 | B6: 1050 | C6: Maria Gomez | D6: US | E6: 0 | F6: 2020-05-01
A7: 106 | B7: 1060 | C7: John Becker | D7: US | E7: 0 | F7: 2019-09-14
A8: 107 | B8: 1070 | C8: Wei Zhang | D8: US | E8: 0 | F8: 2023-02-18
A9: 108 | B9: 1080 | C9: Sara Ali | D9: US | E9: 0 | F9: 2022-06-30
A10: 109 | B10: 1090 | C10: Tom Wallace | D10: US | E10: 0 | F10: 2021-01-11
A11: 110 | B11: 1100 | C11: Fatima Noor | D11: US | E11: 0 | F11: 2020-12-05
A12: 111 | B12: 1110 | C12: Liam O'Connor | D12: US | E12: 0 | F12: 2023-08-09
A13: 112 | B13: 1120 | C13: Grace Ito | D13: US | E13: 1 | F13: 2018-04-20

Sheet Transactions
A1: transaction_id | B1: account_id | C1: customer_name | D1: txn_date | E1: txn_time | F1: amount | G1: txn_type | H1: counterparty | I1: counterparty_country | J1: channel | K1: Is_Structuring_Candidate | L1: Is_Round_Dollar_Risk_Wire | M1: Has_Matching_Rapid_Outflow | N1: Daily_Txn_Count_This_Account
A2: 1 | B2: 1010 | C2: Alex Rowe | D2: 46084 | E2: 10:10:00 | F2: 9800 | G2: deposit | H2: Cash | I2: US | J2: branch | K2: =IF(AND(G2="deposit",J2="branch",F2>=8000,F2<10000),1,0) -> 1 | L2: =IF(AND(G2="wire_out",MOD(F2,1000)=0,OR(I2="AE",I2="HK",I2="CY",I2="PA")),1,0) -> 0 | M2: =IF(G2="wire_in",IF(SUMPRODUCT(($B$2:$B$191=B2)*($G$2:$G$191="wire_out")*($D$2:$D$191>=D2)*($D$2:$D$191<=D2+1)*($F$2:$F$191>=F2*0.9)*($F$2:$F$191<=F2))>0,1,0),0) -> 0 | N2: =COUNTIFS($B$2:$B$191,B2,$D$2:$D$191,D2) -> 1
A3: 2 | B3: 1010 | C3: Alex Rowe | D3: 46085 | E3: 10:11:00 | F3: 9450 | G3: deposit | H3: Cash | I3: US | J3: branch | K3: =IF(AND(G3="deposit",J3="branch",F3>=8000,F3<10000),1,0) -> 1 | L3: =IF(AND(G3="wire_out",MOD(F3,1000)=0,OR(I3="AE",I3="HK",I3="CY",I3="PA")),1,0) -> 0 | M3: =IF(G3="wire_in",IF(SUMPRODUCT(($B$2:$B$191=B3)*($G$2:$G$191="wire_out")*($D$2:$D$191>=D3)*($D$2:$D$191<=D3+1)*($F$2:$F$191>=F3*0.9)*($F$2:$F$191<=F3))>0,1,0),0) -> 0 | N3: =COUNTIFS($B$2:$B$191,B3,$D$2:$D$191,D3) -> 1
A4: 3 | B4: 1010 | C4: Alex Rowe | D4: 46086 | E4: 10:12:00 | F4: 9700 | G4: deposit | H4: Cash | I4: US | J4: branch | K4: =IF(AND(G4="deposit",J4="branch",F4>=8000,F4<10000),1,0) -> 1 | L4: =IF(AND(G4="wire_out",MOD(F4,1000)=0,OR(I4="AE",I4="HK",I4="CY",I4="PA")),1,0) -> 0 | M4: =IF(G4="wire_in",IF(SUMPRODUCT(($B$2:$B$191=B4)*($G$2:$G$191="wire_out")*($D$2:$D$191>=D4)*($D$2:$D$191<=D4+1)*($F$2:$F$191>=F4*0.9)*($F$2:$F$191<=F4))>0,1,0),0) -> 0 | N4: =COUNTIFS($B$2:$B$191,B4,$D$2:$D$191,D4) -> 1
A5: 4 | B5: 1010 | C5: Alex Rowe | D5: 46087 | E5: 10:13:00 | F5: 9600 | G5: deposit | H5: Cash | I5: US | J5: branch | K5: =IF(AND(G5="deposit",J5="branch",F5>=8000,F5<10000),1,0) -> 1 | L5: =IF(AND(G5="wire_out",MOD(F5,1000)=0,OR(I5="AE",I5="HK",I5="CY",I5="PA")),1,0) -> 0 | M5: =IF(G5="wire_in",IF(SUMPRODUCT(($B$2:$B$191=B5)*($G$2:$G$191="wire_out")*($D$2:$D$191>=D5)*($D$2:$D$191<=D5+1)*($F$2:$F$191>=F5*0.9)*($F$2:$F$191<=F5))>0,1,0),0) -> 0 | N5: =COUNTIFS($B$2:$B$191,B5,$D$2:$D$191,D5) -> 1
A6: 5 | B6: 1010 | C6: Alex Rowe | D6: 46091 | E6: 14:00:00 | F6: 120.5 | G6: withdrawal | H6: ATM | I6: US | J6: atm | K6: =IF(AND(G6="deposit",J6="branch",F6>=8000,F6<10000),1,0) -> 0 | L6: =IF(AND(G6="wire_out",MOD(F6,1000)=0,OR(I6="AE",I6="HK",I6="CY",I6="PA")),1,0) -> 0 | M6: =IF(G6="wire_in",IF(SUMPRODUCT(($B$2:$B$191=B6)*($G$2:$G$191="wire_out")*($D$2:$D$191>=D6)*($D$2:$D$191<=D6+1)*($F$2:$F$191>=F6*0.9)*($F$2:$F$191<=F6))>0,1,0),0) -> 0 | N6: =COUNTIFS($B$2:$B$191,B6,$D$2:$D$191,D6) -> 1
A7: 6 | B7: 1020 | C7: Priya Nair | D7: 46117 | E7: 09:00:00 | F7: 48000 | G7: wire_in | H7: Offshore Holdings LLC | I7: AE | J7: wire | K7: =IF(AND(G7="deposit",J7="branch",F7>=8000,F7<10000),1,0) -> 0 | L7: =IF(AND(G7="wire_out",MOD(F7,1000)=0,OR(I7="AE",I7="HK",I7="CY",I7="PA")),1,0) -> 0 | M7: =IF(G7="wire_in",IF(SUMPRODUCT(($B$2:$B$191=B7)*($G$2:$G$191="wire_out")*($D$2:$D$191>=D7)*($D$2:$D$191<=D7+1)*($F$2:$F$191>=F7*0.9)*($F$2:$F$191<=F7))>0,1,0),0) -> 1 | N7: =COUNTIFS($B$2:$B$191,B7,$D$2:$D$191,D7) -> 2
A8: 7 | B8: 1020 | C8: Priya Nair | D8: 46117 | E8: 13:45:00 | F8: 47500 | G8: wire_out | H8: Global Trading Co | I8: HK | J8: wire | K8: =IF(AND(G8="deposit",J8="branch",F8>=8000,F8<10000),1,0) -> 0 | L8: =IF(AND(G8="wire_out",MOD(F8,1000)=0,OR(I8="AE",I8="HK",I8="CY",I8="PA")),1,0) -> 0 | M8: =IF(G8="wire_in",IF(SUMPRODUCT(($B$2:$B$191=B8)*($G$2:$G$191="wire_out")*($D$2:$D$191>=D8)*($D$2:$D$191<=D8+1)*($F$2:$F$191>=F8*0.9)*($F$2:$F$191<=F8))>0,1,0),0) -> 0 | N8: =COUNTIFS($B$2:$B$191,B8,$D$2:$D$191,D8) -> 2
A9: 8 | B9: 1020 | C9: Priya Nair | D9: 46132 | E9: 11:00:00 | F9: 300 | G9: deposit | H9: Payroll | I9: US | J9: online | K9: =IF(AND(G9="deposit",J9="branch",F9>=8000,F9<10000),1,0) -> 0 | L9: =IF(AND(G9="wire_out",MOD(F9,1000)=0,OR(I9="AE",I9="HK",I9="CY",I9="PA")),1,0) -> 0 | M9: =IF(G9="wire_in",IF(SUMPRODUCT(($B$2:$B$191=B9)*($G$2:$G$191="wire_out")*($D$2:$D$191>=D9)*($D$2:$D$191<=D9+1)*($F$2:$F$191>=F9*0.9)*($F$2:$F$191<=F9))>0,1,0),0) -> 0 | N9: =COUNTIFS($B$2:$B$191,B9,$D$2:$D$191,D9) -> 1
A10: 9 | B10: 1030 | C10: Daniel Kim | D10: 46153 | E10: 09:00:00 | F10: 150 | G10: withdrawal | H10: POS | I10: US | J10: online | K10: =IF(AND(G10="deposit",J10="branch",F10>=8000,F10<10000),1,0) -> 0 | L10: =IF(AND(G10="wire_out",MOD(F10,1000)=0,OR(I10="AE",I10="HK",I10="CY",I10="PA")),1,0) -> 0 | M10: =IF(G10="wire_in",IF(SUMPRODUCT(($B$2:$B$191=B10)*($G$2:$G$191="wire_out")*($D$2:$D$191>=D10)*($D$2:$D$191<=D10+1)*($F$2:$F$191>=F10*0.9)*($F$2:$F$191<=F10))>0,1,0),0) -> 0 | N10: =COUNTIFS($B$2:$B$191,B10,$D$2:$D$191,D10) -> 14
A11: 10 | B11: 1030 | C11: Daniel Kim | D11: 46153 | E11: 09:17:00 | F11: 150 | G11: withdrawal | H11: POS | I11: US | J11: online | K11: =IF(AND(G11="deposit",J11="branch",F11>=8000,F11<10000),1,0) -> 0 | L11: =IF(AND(G11="wire_out",MOD(F11,1000)=0,OR(I11="AE",I11="HK",I11="CY",I11="PA")),1,0) -> 0 | M11: =IF(G11="wire_in",IF(SUMPRODUCT(($B$2:$B$191=B11)*($G$2:$G$191="wire_out")*($D$2:$D$191>=D11)*($D$2:$D$191<=D11+1)*($F$2:$F$191>=F11*0.9)*($F$2:$F$191<=F11))>0,1,0),0) -> 0 | N11: =COUNTIFS($B$2:$B$191,B11,$D$2:$D$191,D11) -> 14
A12: 11 | B12: 1030 | C12: Daniel Kim | D12: 46153 | E12: 09:34:00 | F12: 90 | G12: withdrawal | H12: POS | I12: US | J12: online | K12: =IF(AND(G12="deposit",J12="branch",F12>=8000,F12<10000),1,0) -> 0 | L12: =IF(AND(G12="wire_out",MOD(F12,1000)=0,OR(I12="AE",I12="HK",I12="CY",I12="PA")),1,0) -> 0 | M12: =IF(G12="wire_in",IF(SUMPRODUCT(($B$2:$B$191=B12)*($G$2:$G$191="wire_out")*($D$2:$D$191>=D12)*($D$2:$D$191<=D12+1)*($F$2:$F$191>=F12*0.9)*($F$2:$F$191<=F12))>0,1,0),0) -> 0 | N12: =COUNTIFS($B$2:$B$191,B12,$D$2:$D$191,D12) -> 14
A13: 12 | B13: 1030 | C13: Daniel Kim | D13: 46153 | E13: 09:51:00 | F13: 220 | G13: withdrawal | H13: POS | I13: US | J13: online | K13: =IF(AND(G13="deposit",J13="branch",F13>=8000,F13<10000),1,0) -> 0 | L13: =IF(AND(G13="wire_out",MOD(F13,1000)=0,OR(I13="AE",I13="HK",I13="CY",I13="PA")),1,0) -> 0 | M13: =IF(G13="wire_in",IF(SUMPRODUCT(($B$2:$B$191=B13)*($G$2:$G$191="wire_out")*($D$2:$D$191>=D13)*($D$2:$D$191<=D13+1)*($F$2:$F$191>=F13*0.9)*($F$2:$F$191<=F13))>0,1,0),0) -> 0 | N13: =COUNTIFS($B$2:$B$191,B13,$D$2:$D$191,D13) -> 14
... A191: 190 | B191: 1120 | C191: Grace Ito | D191: 46225 | E191: 12:00:00 | F191: 629.32 | G191: withdrawal | H191: Consulting Fees | I191: US | J191: wire | K191: =IF(AND(G191="deposit",J191="branch",F191>=8000,F191<10000),1,0) -> 0 | L191: =IF(AND(G191="wire_out",MOD(F191,1000)=0,OR(I191="AE",I191="HK",I191="CY",I191="PA")),1,0) -> 0 | M191: =IF(G191="wire_in",IF(SUMPRODUCT(($B$2:$B$191=B191)*($G$2:$G$191="wire_out")*($D$2:$D$191>=D191)*($D$2:$D$191<=D191+1)*($F$2:$F$191>=F191*0.9)*($F$2:$F$191<=F191))>0,1,0),0) -> 0 | N191: =COUNTIFS($B$2:$B$191,B191,$D$2:$D$191,D191) -> 1

Sheet Alert Summary
A1: account_id | B1: customer_name | C1: is_pep | D1: structuring_deposit_count | E1: round_dollar_wire_count | F1: has_rapid_outflow_match | G1: max_daily_txn_count | H1: risk_score | I1: disposition
A2: 1010 | B2: =INDEX(Customers!$C:$C,MATCH(A2,Customers!$B:$B,0)) -> Alex Rowe | C2: =INDEX(Customers!$E:$E,MATCH(A2,Customers!$B:$B,0)) -> 0 | D2: =SUMIFS(Transactions!$K$2:$K$191,Transactions!$B$2:$B$191,A2) -> 4 | E2: =SUMIFS(Transactions!$L$2:$L$191,Transactions!$B$2:$B$191,A2) -> 0 | F2: =IF(SUMIFS(Transactions!$M$2:$M$191,Transactions!$B$2:$B$191,A2)>0,1,0) -> 0 | G2: =_xlfn.MAXIFS(Transactions!$N$2:$N$191,Transactions!$B$2:$B$191,A2) -> 1 | H2: =IF(D2>=3,30,0)+IF(F2=1,25,0)+IF(G2>10,15,0)+IF(E2>=3,20,0)+IF(C2=1,10,0) -> 30 | I2: =IF(H2>=40,"HIGH - escalate to investigation",IF(H2>=20,"MEDIUM - analyst review","LOW - monitor")) -> MEDIUM - analyst review
A3: 1020 | B3: =INDEX(Customers!$C:$C,MATCH(A3,Customers!$B:$B,0)) -> Priya Nair | C3: =INDEX(Customers!$E:$E,MATCH(A3,Customers!$B:$B,0)) -> 0 | D3: =SUMIFS(Transactions!$K$2:$K$191,Transactions!$B$2:$B$191,A3) -> 0 | E3: =SUMIFS(Transactions!$L$2:$L$191,Transactions!$B$2:$B$191,A3) -> 0 | F3: =IF(SUMIFS(Transactions!$M$2:$M$191,Transactions!$B$2:$B$191,A3)>0,1,0) -> 1 | G3: =_xlfn.MAXIFS(Transactions!$N$2:$N$191,Transactions!$B$2:$B$191,A3) -> 2 | H3: =IF(D3>=3,30,0)+IF(F3=1,25,0)+IF(G3>10,15,0)+IF(E3>=3,20,0)+IF(C3=1,10,0) -> 25 | I3: =IF(H3>=40,"HIGH - escalate to investigation",IF(H3>=20,"MEDIUM - analyst review","LOW - monitor")) -> MEDIUM - analyst review
A4: 1030 | B4: =INDEX(Customers!$C:$C,MATCH(A4,Customers!$B:$B,0)) -> Daniel Kim | C4: =INDEX(Customers!$E:$E,MATCH(A4,Customers!$B:$B,0)) -> 0 | D4: =SUMIFS(Transactions!$K$2:$K$191,Transactions!$B$2:$B$191,A4) -> 0 | E4: =SUMIFS(Transactions!$L$2:$L$191,Transactions!$B$2:$B$191,A4) -> 0 | F4: =IF(SUMIFS(Transactions!$M$2:$M$191,Transactions!$B$2:$B$191,A4)>0,1,0) -> 0 | G4: =_xlfn.MAXIFS(Transactions!$N$2:$N$191,Transactions!$B$2:$B$191,A4) -> 14 | H4: =IF(D4>=3,30,0)+IF(F4=1,25,0)+IF(G4>10,15,0)+IF(E4>=3,20,0)+IF(C4=1,10,0) -> 15 | I4: =IF(H4>=40,"HIGH - escalate to investigation",IF(H4>=20,"MEDIUM - analyst review","LOW - monitor")) -> LOW - monitor
A5: 1040 | B5: =INDEX(Customers!$C:$C,MATCH(A5,Customers!$B:$B,0)) -> Omar Haddad | C5: =INDEX(Customers!$E:$E,MATCH(A5,Customers!$B:$B,0)) -> 0 | D5: =SUMIFS(Transactions!$K$2:$K$191,Transactions!$B$2:$B$191,A5) -> 0 | E5: =SUMIFS(Transactions!$L$2:$L$191,Transactions!$B$2:$B$191,A5) -> 4 | F5: =IF(SUMIFS(Transactions!$M$2:$M$191,Transactions!$B$2:$B$191,A5)>0,1,0) -> 0 | G5: =_xlfn.MAXIFS(Transactions!$N$2:$N$191,Transactions!$B$2:$B$191,A5) -> 1 | H5: =IF(D5>=3,30,0)+IF(F5=1,25,0)+IF(G5>10,15,0)+IF(E5>=3,20,0)+IF(C5=1,10,0) -> 20 | I5: =IF(H5>=40,"HIGH - escalate to investigation",IF(H5>=20,"MEDIUM - analyst review","LOW - monitor")) -> MEDIUM - analyst review
A6: 1050 | B6: =INDEX(Customers!$C:$C,MATCH(A6,Customers!$B:$B,0)) -> Maria Gomez | C6: =INDEX(Customers!$E:$E,MATCH(A6,Customers!$B:$B,0)) -> 0 | D6: =SUMIFS(Transactions!$K$2:$K$191,Transactions!$B$2:$B$191,A6) -> 0 | E6: =SUMIFS(Transactions!$L$2:$L$191,Transactions!$B$2:$B$191,A6) -> 0 | F6: =IF(SUMIFS(Transactions!$M$2:$M$191,Transactions!$B$2:$B$191,A6)>0,1,0) -> 0 | G6: =_xlfn.MAXIFS(Transactions!$N$2:$N$191,Transactions!$B$2:$B$191,A6) -> 1 | H6: =IF(D6>=3,30,0)+IF(F6=1,25,0)+IF(G6>10,15,0)+IF(E6>=3,20,0)+IF(C6=1,10,0) -> 0 | I6: =IF(H6>=40,"HIGH - escalate to investigation",IF(H6>=20,"MEDIUM - analyst review","LOW - monitor")) -> LOW - monitor
A7: 1060 | B7: =INDEX(Customers!$C:$C,MATCH(A7,Customers!$B:$B,0)) -> John Becker | C7: =INDEX(Customers!$E:$E,MATCH(A7,Customers!$B:$B,0)) -> 0 | D7: =SUMIFS(Transactions!$K$2:$K$191,Transactions!$B$2:$B$191,A7) -> 0 | E7: =SUMIFS(Transactions!$L$2:$L$191,Transactions!$B$2:$B$191,A7) -> 0 | F7: =IF(SUMIFS(Transactions!$M$2:$M$191,Transactions!$B$2:$B$191,A7)>0,1,0) -> 0 | G7: =_xlfn.MAXIFS(Transactions!$N$2:$N$191,Transactions!$B$2:$B$191,A7) -> 1 | H7: =IF(D7>=3,30,0)+IF(F7=1,25,0)+IF(G7>10,15,0)+IF(E7>=3,20,0)+IF(C7=1,10,0) -> 0 | I7: =IF(H7>=40,"HIGH - escalate to investigation",IF(H7>=20,"MEDIUM - analyst review","LOW - monitor")) -> LOW - monitor
A8: 1070 | B8: =INDEX(Customers!$C:$C,MATCH(A8,Customers!$B:$B,0)) -> Wei Zhang | C8: =INDEX(Customers!$E:$E,MATCH(A8,Customers!$B:$B,0)) -> 0 | D8: =SUMIFS(Transactions!$K$2:$K$191,Transactions!$B$2:$B$191,A8) -> 0 | E8: =SUMIFS(Transactions!$L$2:$L$191,Transactions!$B$2:$B$191,A8) -> 0 | F8: =IF(SUMIFS(Transactions!$M$2:$M$191,Transactions!$B$2:$B$191,A8)>0,1,0) -> 0 | G8: =_xlfn.MAXIFS(Transactions!$N$2:$N$191,Transactions!$B$2:$B$191,A8) -> 2 | H8: =IF(D8>=3,30,0)+IF(F8=1,25,0)+IF(G8>10,15,0)+IF(E8>=3,20,0)+IF(C8=1,10,0) -> 0 | I8: =IF(H8>=40,"HIGH - escalate to investigation",IF(H8>=20,"MEDIUM - analyst review","LOW - monitor")) -> LOW - monitor
A9: 1080 | B9: =INDEX(Customers!$C:$C,MATCH(A9,Customers!$B:$B,0)) -> Sara Ali | C9: =INDEX(Customers!$E:$E,MATCH(A9,Customers!$B:$B,0)) -> 0 | D9: =SUMIFS(Transactions!$K$2:$K$191,Transactions!$B$2:$B$191,A9) -> 0 | E9: =SUMIFS(Transactions!$L$2:$L$191,Transactions!$B$2:$B$191,A9) -> 0 | F9: =IF(SUMIFS(Transactions!$M$2:$M$191,Transactions!$B$2:$B$191,A9)>0,1,0) -> 0 | G9: =_xlfn.MAXIFS(Transactions!$N$2:$N$191,Transactions!$B$2:$B$191,A9) -> 2 | H9: =IF(D9>=3,30,0)+IF(F9=1,25,0)+IF(G9>10,15,0)+IF(E9>=3,20,0)+IF(C9=1,10,0) -> 0 | I9: =IF(H9>=40,"HIGH - escalate to investigation",IF(H9>=20,"MEDIUM - analyst review","LOW - monitor")) -> LOW - monitor
A10: 1090 | B10: =INDEX(Customers!$C:$C,MATCH(A10,Customers!$B:$B,0)) -> Tom Wallace | C10: =INDEX(Customers!$E:$E,MATCH(A10,Customers!$B:$B,0)) -> 0 | D10: =SUMIFS(Transactions!$K$2:$K$191,Transactions!$B$2:$B$191,A10) -> 0 | E10: =SUMIFS(Transactions!$L$2:$L$191,Transactions!$B$2:$B$191,A10) -> 0 | F10: =IF(SUMIFS(Transactions!$M$2:$M$191,Transactions!$B$2:$B$191,A10)>0,1,0) -> 0 | G10: =_xlfn.MAXIFS(Transactions!$N$2:$N$191,Transactions!$B$2:$B$191,A10) -> 2 | H10: =IF(D10>=3,30,0)+IF(F10=1,25,0)+IF(G10>10,15,0)+IF(E10>=3,20,0)+IF(C10=1,10,0) -> 0 | I10: =IF(H10>=40,"HIGH - escalate to investigation",IF(H10>=20,"MEDIUM - analyst review","LOW - monitor")) -> LOW - monitor
A11: 1100 | B11: =INDEX(Customers!$C:$C,MATCH(A11,Customers!$B:$B,0)) -> Fatima Noor | C11: =INDEX(Customers!$E:$E,MATCH(A11,Customers!$B:$B,0)) -> 0 | D11: =SUMIFS(Transactions!$K$2:$K$191,Transactions!$B$2:$B$191,A11) -> 0 | E11: =SUMIFS(Transactions!$L$2:$L$191,Transactions!$B$2:$B$191,A11) -> 0 | F11: =IF(SUMIFS(Transactions!$M$2:$M$191,Transactions!$B$2:$B$191,A11)>0,1,0) -> 0 | G11: =_xlfn.MAXIFS(Transactions!$N$2:$N$191,Transactions!$B$2:$B$191,A11) -> 1 | H11: =IF(D11>=3,30,0)+IF(F11=1,25,0)+IF(G11>10,15,0)+IF(E11>=3,20,0)+IF(C11=1,10,0) -> 0 | I11: =IF(H11>=40,"HIGH - escalate to investigation",IF(H11>=20,"MEDIUM - analyst review","LOW - monitor")) -> LOW - monitor
A12: 1110 | B12: =INDEX(Customers!$C:$C,MATCH(A12,Customers!$B:$B,0)) -> Liam O'Connor | C12: =INDEX(Customers!$E:$E,MATCH(A12,Customers!$B:$B,0)) -> 0 | D12: =SUMIFS(Transactions!$K$2:$K$191,Transactions!$B$2:$B$191,A12) -> 0 | E12: =SUMIFS(Transactions!$L$2:$L$191,Transactions!$B$2:$B$191,A12) -> 0 | F12: =IF(SUMIFS(Transactions!$M$2:$M$191,Transactions!$B$2:$B$191,A12)>0,1,0) -> 0 | G12: =_xlfn.MAXIFS(Transactions!$N$2:$N$191,Transactions!$B$2:$B$191,A12) -> 1 | H12: =IF(D12>=3,30,0)+IF(F12=1,25,0)+IF(G12>10,15,0)+IF(E12>=3,20,0)+IF(C12=1,10,0) -> 0 | I12: =IF(H12>=40,"HIGH - escalate to investigation",IF(H12>=20,"MEDIUM - analyst review","LOW - monitor")) -> LOW - monitor
A13: 1120 | B13: =INDEX(Customers!$C:$C,MATCH(A13,Customers!$B:$B,0)) -> Grace Ito | C13: =INDEX(Customers!$E:$E,MATCH(A13,Customers!$B:$B,0)) -> 1 | D13: =SUMIFS(Transactions!$K$2:$K$191,Transactions!$B$2:$B$191,A13) -> 0 | E13: =SUMIFS(Transactions!$L$2:$L$191,Transactions!$B$2:$B$191,A13) -> 0 | F13: =IF(SUMIFS(Transactions!$M$2:$M$191,Transactions!$B$2:$B$191,A13)>0,1,0) -> 0 | G13: =_xlfn.MAXIFS(Transactions!$N$2:$N$191,Transactions!$B$2:$B$191,A13) -> 2 | H13: =IF(D13>=3,30,0)+IF(F13=1,25,0)+IF(G13>10,15,0)+IF(E13>=3,20,0)+IF(C13=1,10,0) -> 10 | I13: =IF(H13>=40,"HIGH - escalate to investigation",IF(H13>=20,"MEDIUM - analyst review","LOW - monitor")) -> LOW - monitor
